Datetime,Water Level (m)
2025-06-03 00:00:00,0.69443077
2025-06-03 01:00:00,0.6262988
2025-06-03 02:00:00,0.45486456
2025-06-03 03:00:00,0.254634
2025-06-03 04:00:00,0.047708217
2025-06-03 05:00:00,-0.14451654
2025-06-03 06:00:00,-0.27076086
2025-06-03 07:00:00,-0.22689776
2025-06-03 08:00:00,0.0045738285
2025-06-03 09:00:00,0.27912563
2025-06-03 10:00:00,0.5896029
2025-06-03 11:00:00,0.80773425
2025-06-03 12:00:00,0.93161994
2025-06-03 13:00:00,0.8563429
2025-06-03 14:00:00,0.6662823
2025-06-03 15:00:00,0.44135848
2025-06-03 16:00:00,0.2099531
2025-06-03 17:00:00,-0.01038564
2025-06-03 18:00:00,-0.20351225
2025-06-03 19:00:00,-0.33497533
2025-06-03 20:00:00,-0.31604502
2025-06-03 21:00:00,-0.11181215
2025-06-03 22:00:00,0.1260038
2025-06-03 23:00:00,0.38743836
2025-06-04 00:00:00,0.59856737
2025-06-04 01:00:00,0.7038252
2025-06-04 02:00:00,0.6662662
2025-06-04 03:00:00,0.5037465
2025-06-04 04:00:00,0.31615844
2025-06-04 05:00:00,0.10960568
2025-06-04 06:00:00,-0.07246516
2025-06-04 07:00:00,-0.18507393
2025-06-04 08:00:00,-0.12615749
2025-06-04 09:00:00,0.075226486
2025-06-04 10:00:00,0.3091778
2025-06-04 11:00:00,0.5650935
2025-06-04 12:00:00,0.7503253
2025-06-04 13:00:00,0.84856004
2025-06-04 14:00:00,0.78754085
2025-06-04 15:00:00,0.61862683
2025-06-04 16:00:00,0.4112603
2025-06-04 17:00:00,0.17932022
2025-06-04 18:00:00,-0.049285907
2025-06-04 19:00:00,-0.2473049
2025-06-04 20:00:00,-0.37039828
2025-06-04 21:00:00,-0.28315488
2025-06-04 22:00:00,-0.07161676
2025-06-04 23:00:00,0.17183505
2025-06-05 00:00:00,0.4302092
2025-06-05 01:00:00,0.62808096
2025-06-05 02:00:00,0.72884303
2025-06-05 03:00:00,0.7052766
2025-06-05 04:00:00,0.5572224
2025-06-05 05:00:00,0.37491482
2025-06-05 06:00:00,0.16511205
2025-06-05 07:00:00,-0.02606178
2025-06-05 08:00:00,-0.16722018
2025-06-05 09:00:00,-0.17987119
2025-06-05 10:00:00,0.009059749
2025-06-05 11:00:00,0.23393123
2025-06-05 12:00:00,0.48919547
2025-06-05 13:00:00,0.68521476
2025-06-05 14:00:00,0.7849207
2025-06-05 15:00:00,0.7281523
2025-06-05 16:00:00,0.5513114
2025-06-05 17:00:00,0.3456977
2025-06-05 18:00:00,0.1121968
2025-06-05 19:00:00,-0.11458637
2025-06-05 20:00:00,-0.30960867
2025-06-05 21:00:00,-0.4398687
2025-06-05 22:00:00,-0.37571812
2025-06-05 23:00:00,-0.14337897
2025-06-06 00:00:00,0.12952906
2025-06-06 01:00:00,0.43546858
2025-06-06 02:00:00,0.67302996
2025-06-06 03:00:00,0.80642855
2025-06-06 04:00:00,0.7815061
2025-06-06 05:00:00,0.61305314
2025-06-06 06:00:00,0.41010293
2025-06-06 07:00:00,0.18752395
2025-06-06 08:00:00,-0.015334534
2025-06-06 09:00:00,-0.17182589
2025-06-06 10:00:00,-0.20377795
2025-06-06 11:00:00,-0.017315984
2025-06-06 12:00:00,0.21075107
2025-06-06 13:00:00,0.47557348
2025-06-06 14:00:00,0.6792048
2025-06-06 15:00:00,0.78112125
2025-06-06 16:00:00,0.7208674
2025-06-06 17:00:00,0.53323215
2025-06-06 18:00:00,0.31806886
2025-06-06 19:00:00,0.07476368
2025-06-06 20:00:00,-0.15944155
2025-06-06 21:00:00,-0.3550169
2025-06-06 22:00:00,-0.4669811
2025-06-06 23:00:00,-0.32361493
2025-06-07 00:00:00,-0.071440674
2025-06-07 01:00:00,0.2359356
2025-06-07 02:00:00,0.5559091
2025-06-07 03:00:00,0.78814745
2025-06-07 04:00:00,0.90704185
2025-06-07 05:00:00,0.8375467
2025-06-07 06:00:00,0.6509041
2025-06-07 07:00:00,0.42506176
2025-06-07 08:00:00,0.18605588
2025-06-07 09:00:00,-0.03275432
2025-06-07 10:00:00,-0.20635293
2025-06-07 11:00:00,-0.24802457
2025-06-07 12:00:00,-0.048327237
2025-06-07 13:00:00,0.19688872
2025-06-07 14:00:00,0.48059595
2025-06-07 15:00:00,0.7037334
2025-06-07 16:00:00,0.81244457
2025-06-07 17:00:00,0.72972244
2025-06-07 18:00:00,0.52709585
2025-06-07 19:00:00,0.29434496
2025-06-07 20:00:00,0.043261956
2025-06-07 21:00:00,-0.1909734
2025-06-07 22:00:00,-0.3884475
2025-06-07 23:00:00,-0.47337237
2025-06-08 00:00:00,-0.26425716
2025-06-08 01:00:00,0.01092225
2025-06-08 02:00:00,0.34943807
2025-06-08 03:00:00,0.68012446
2025-06-08 04:00:00,0.9070528
2025-06-08 05:00:00,1.0043935
2025-06-08 06:00:00,0.8871297
2025-06-08 07:00:00,0.6724813
2025-06-08 08:00:00,0.41976732
2025-06-08 09:00:00,0.16248654
2025-06-08 10:00:00,-0.071048245
2025-06-08 11:00:00,-0.24735984
2025-06-08 12:00:00,-0.2515438
2025-06-08 13:00:00,-0.009887171
2025-06-08 14:00:00,0.26033625
2025-06-08 15:00:00,0.563275
2025-06-08 16:00:00,0.7766782
2025-06-08 17:00:00,0.86583257
2025-06-08 18:00:00,0.725611
2025-06-08 19:00:00,0.50290906
2025-06-08 20:00:00,0.24848711
2025-06-08 21:00:00,-0.01253538
2025-06-08 22:00:00,-0.2493295
2025-06-08 23:00:00,-0.43532887
2025-06-09 00:00:00,-0.45120254
